"","NA.","V2"
"1","1",NA
"2",NA,60
"3","true_value",0
"4","ar",0.292141570851801
"5","pred_xgbt",0.303766748750099
"6","pred_mean",0.303766748750099
